textpage, textdate
//rockefellerthrust.com/jquery-csv.js,[09/Feb/2025:05:45:47
//rockefellerthrust.com/jquery-csv.js,[09/Feb/2025:06:26:25
//rockefellerthrust.com/jquery-csv.js,[09/Feb/2025:20:01:45
//rockefellerthrust.com/jquery-csv.js,[10/Feb/2025:11:08:17
//rockefellerthrust.com/jquery-csv.js,[10/Feb/2025:14:17:04
//rockefellerthrust.com/jquery-csv.js,[10/Feb/2025:17:49:51
//rockefellerthrust.com/jquery-csv.js,[10/Feb/2025:23:02:46
//rockefellerthrust.com/jquery-csv.js,[11/Feb/2025:01:00:42
//rockefellerthrust.com/jquery-csv.js,[11/Feb/2025:06:56:11
//rockefellerthrust.com/jquery-csv.js,[11/Feb/2025:09:14:24
//rockefellerthrust.com/jquery-csv.js,[11/Feb/2025:15:16:41
//rockefellerthrust.com/jquery-csv.js,[11/Feb/2025:17:37:56
//rockefellerthrust.com/jquery-csv.js,[12/Feb/2025:10:29:57
//rockefellerthrust.com/jquery-csv.js,[12/Feb/2025:14:39:10
//rockefellerthrust.com/jquery-csv.js,[12/Feb/2025:16:54:59
//rockefellerthrust.com/jquery-csv.js,[12/Feb/2025:21:10:19
//rockefellerthrust.com/jquery-csv.js,[12/Feb/2025:21:11:04
//rockefellerthrust.com/jquery-csv.js,[13/Feb/2025:07:45:18
//rockefellerthrust.com/jquery-csv.js,[14/Feb/2025:03:58:52
//rockefellerthrust.com/jquery-csv.js,[14/Feb/2025:06:12:31
//rockefellerthrust.com/jquery-csv.js,[14/Feb/2025:16:14:41
//rockefellerthrust.com/jquery-csv.js,[15/Feb/2025:03:57:45
//rockefellerthrust.com/jquery-csv.js,[15/Feb/2025:05:44:37
//rockefellerthrust.com/jquery-csv.js,[16/Feb/2025:12:04:58
//rockefellerthrust.com/jquery-csv.js,[16/Feb/2025:12:05:09
//rockefellerthrust.com/jquery-csv.js,[16/Feb/2025:12:05:43
//rockefellerthrust.com/jquery-csv.js,[16/Feb/2025:12:05:53
//rockefellerthrust.com/jquery-csv.js,[17/Feb/2025:05:24:24
//rockefellerthrust.com/jquery-csv.js,[17/Feb/2025:05:25:13
//rockefellerthrust.com/jquery-csv.js,[17/Feb/2025:05:27:22
//rockefellerthrust.com/jquery-csv.js,[17/Feb/2025:05:27:24
//rockefellerthrust.com/jquery-csv.js,[17/Feb/2025:05:28:11
//rockefellerthrust.com/jquery-csv.js,[17/Feb/2025:14:25:17
//rockefellerthrust.com/jquery-csv.js,[18/Feb/2025:07:15:23
//rockefellerthrust.com/jquery-csv.js,[18/Feb/2025:07:16:27
//rockefellerthrust.com/jquery-csv.js,[18/Feb/2025:08:36:16
//rockefellerthrust.com/jquery-csv.js,[19/Feb/2025:11:18:52
//rockefellerthrust.com/jquery-csv.js,[19/Feb/2025:13:42:39
//rockefellerthrust.com/jquery-csv.js,[19/Feb/2025:16:04:09
//rockefellerthrust.com/jquery-csv.js,[20/Feb/2025:04:45:03
//rockefellerthrust.com/jquery-csv.js,[20/Feb/2025:04:53:39
//rockefellerthrust.com/jquery-csv.js,[20/Feb/2025:07:05:54
//rockefellerthrust.com/jquery-csv.js,[20/Feb/2025:13:16:16
//rockefellerthrust.com/jquery-csv.js,[20/Feb/2025:21:17:59
//rockefellerthrust.com/jquery-csv.js,[20/Feb/2025:21:48:23
//rockefellerthrust.com/jquery-csv.js,[20/Feb/2025:23:54:29
//rockefellerthrust.com/jquery-csv.js,[21/Feb/2025:13:47:05
//rockefellerthrust.com/jquery-csv.js,[21/Feb/2025:17:15:10
//rockefellerthrust.com/jquery-csv.js,[21/Feb/2025:17:26:20
//rockefellerthrust.com/jquery-csv.js,[22/Feb/2025:01:42:28
//rockefellerthrust.com/jquery-csv.js,[22/Feb/2025:03:52:43
//rockefellerthrust.com/jquery-csv.js,[22/Feb/2025:15:35:03
//rockefellerthrust.com/jquery.js,[09/Feb/2025:05:45:47
//rockefellerthrust.com/jquery.js,[09/Feb/2025:12:07:30
//rockefellerthrust.com/jquery.js,[09/Feb/2025:20:01:45
//rockefellerthrust.com/jquery.js,[10/Feb/2025:11:08:17
//rockefellerthrust.com/jquery.js,[10/Feb/2025:14:17:04
//rockefellerthrust.com/jquery.js,[10/Feb/2025:15:39:19
//rockefellerthrust.com/jquery.js,[10/Feb/2025:17:49:51
//rockefellerthrust.com/jquery.js,[10/Feb/2025:23:02:42
//rockefellerthrust.com/jquery.js,[11/Feb/2025:01:00:42
//rockefellerthrust.com/jquery.js,[11/Feb/2025:06:56:11
//rockefellerthrust.com/jquery.js,[11/Feb/2025:09:14:24
//rockefellerthrust.com/jquery.js,[11/Feb/2025:15:16:41
//rockefellerthrust.com/jquery.js,[11/Feb/2025:17:37:56
//rockefellerthrust.com/jquery.js,[12/Feb/2025:10:29:57
//rockefellerthrust.com/jquery.js,[12/Feb/2025:14:39:08
//rockefellerthrust.com/jquery.js,[12/Feb/2025:16:54:59
//rockefellerthrust.com/jquery.js,[12/Feb/2025:21:10:19
//rockefellerthrust.com/jquery.js,[12/Feb/2025:21:11:04
//rockefellerthrust.com/jquery.js,[13/Feb/2025:07:45:18
//rockefellerthrust.com/jquery.js,[13/Feb/2025:14:45:29
//rockefellerthrust.com/jquery.js,[14/Feb/2025:03:58:52
//rockefellerthrust.com/jquery.js,[14/Feb/2025:06:12:30
//rockefellerthrust.com/jquery.js,[14/Feb/2025:16:14:41
//rockefellerthrust.com/jquery.js,[15/Feb/2025:03:57:45
//rockefellerthrust.com/jquery.js,[15/Feb/2025:05:44:37
//rockefellerthrust.com/jquery.js,[15/Feb/2025:09:35:45
//rockefellerthrust.com/jquery.js,[16/Feb/2025:12:04:58
//rockefellerthrust.com/jquery.js,[16/Feb/2025:12:05:09
//rockefellerthrust.com/jquery.js,[16/Feb/2025:12:05:43
//rockefellerthrust.com/jquery.js,[16/Feb/2025:12:05:53
//rockefellerthrust.com/jquery.js,[17/Feb/2025:05:24:24
//rockefellerthrust.com/jquery.js,[17/Feb/2025:05:25:13
//rockefellerthrust.com/jquery.js,[17/Feb/2025:05:27:22
//rockefellerthrust.com/jquery.js,[17/Feb/2025:05:27:24
//rockefellerthrust.com/jquery.js,[17/Feb/2025:05:28:11
//rockefellerthrust.com/jquery.js,[17/Feb/2025:14:25:17
//rockefellerthrust.com/jquery.js,[18/Feb/2025:04:43:46
//rockefellerthrust.com/jquery.js,[18/Feb/2025:06:45:53
//rockefellerthrust.com/jquery.js,[18/Feb/2025:08:36:16
//rockefellerthrust.com/jquery.js,[18/Feb/2025:14:54:49
//rockefellerthrust.com/jquery.js,[19/Feb/2025:13:42:39
//rockefellerthrust.com/jquery.js,[19/Feb/2025:16:04:09
//rockefellerthrust.com/jquery.js,[20/Feb/2025:04:45:03
//rockefellerthrust.com/jquery.js,[20/Feb/2025:04:53:39
//rockefellerthrust.com/jquery.js,[20/Feb/2025:07:05:54
//rockefellerthrust.com/jquery.js,[20/Feb/2025:13:16:16
//rockefellerthrust.com/jquery.js,[20/Feb/2025:21:17:59
//rockefellerthrust.com/jquery.js,[20/Feb/2025:21:48:23
//rockefellerthrust.com/jquery.js,[20/Feb/2025:23:34:20
//rockefellerthrust.com/jquery.js,[20/Feb/2025:23:54:29
//rockefellerthrust.com/jquery.js,[21/Feb/2025:13:47:05
//rockefellerthrust.com/jquery.js,[21/Feb/2025:17:15:10
//rockefellerthrust.com/jquery.js,[21/Feb/2025:17:26:24
//rockefellerthrust.com/jquery.js,[22/Feb/2025:01:42:28
//rockefellerthrust.com/jquery.js,[22/Feb/2025:03:52:43
//rockefellerthrust.com/jquery.js,[22/Feb/2025:15:35:03
//rockefellerthrust.com/jquery.js,[22/Feb/2025:19:23:25
//rockefellerthrust.com/jquery.js,[23/Feb/2025:12:32:39
/assets/jquery/,[11/Feb/2025:07:28:47
/assets/plugins/jquery-file-upload/server/php/include.php,[09/Feb/2025:13:41:52
/https://rockefellerthrust.com/jquery-csv.js,[13/Feb/2025:23:58:30
/https://rockefellerthrust.com/jquery-csv.js,[20/Feb/2025:02:22:03
/https://rockefellerthrust.com/jquery-csv.js,[21/Feb/2025:00:14:18
/https://rockefellerthrust.com/jquery.js,[13/Feb/2025:23:58:29
/https://rockefellerthrust.com/jquery.js,[15/Feb/2025:03:29:57
/https://rockefellerthrust.com/jquery.js,[20/Feb/2025:02:22:03
/https://rockefellerthrust.com/jquery.js,[21/Feb/2025:00:14:18
/jquery-3.3.1.min.js,[17/Feb/2025:18:24:25
/jquery-3.3.1.min.js,[22/Feb/2025:05:14:49
/jquery-3.3.1.slim.min.js,[15/Feb/2025:01:59:37
/jquery-3.3.1.slim.min.js,[22/Feb/2025:08:14:08
/jquery-3.3.2.slim.min.js,[15/Feb/2025:01:59:37
/jquery-3.3.2.slim.min.js,[22/Feb/2025:08:14:11
/jquery-csv.js,[09/Feb/2025:14:43:09
/jquery-csv.js,[09/Feb/2025:16:57:25
/jquery-csv.js,[10/Feb/2025:13:45:36
/jquery-csv.js,[10/Feb/2025:13:47:34
/jquery-csv.js,[11/Feb/2025:00:14:29
/jquery-csv.js,[11/Feb/2025:03:33:49
/jquery-csv.js,[11/Feb/2025:09:10:27
/jquery-csv.js,[11/Feb/2025:10:56:23
/jquery-csv.js,[11/Feb/2025:17:03:26
/jquery-csv.js,[12/Feb/2025:04:21:06
/jquery-csv.js,[12/Feb/2025:18:36:10
/jquery-csv.js,[12/Feb/2025:20:30:29
/jquery-csv.js,[12/Feb/2025:20:59:49
/jquery-csv.js,[13/Feb/2025:06:08:45
/jquery-csv.js,[13/Feb/2025:21:52:24
/jquery-csv.js,[13/Feb/2025:23:58:29
/jquery-csv.js,[14/Feb/2025:07:41:19
/jquery-csv.js,[14/Feb/2025:09:14:24
/jquery-csv.js,[15/Feb/2025:08:25:34
/jquery-csv.js,[15/Feb/2025:17:19:39
/jquery-csv.js,[16/Feb/2025:04:19:21
/jquery-csv.js,[16/Feb/2025:10:42:30
/jquery-csv.js,[16/Feb/2025:12:02:01
/jquery-csv.js,[16/Feb/2025:16:43:17
/jquery-csv.js,[17/Feb/2025:02:43:55
/jquery-csv.js,[17/Feb/2025:11:58:08
/jquery-csv.js,[17/Feb/2025:18:41:56
/jquery-csv.js,[17/Feb/2025:22:16:16
/jquery-csv.js,[18/Feb/2025:06:35:06
/jquery-csv.js,[18/Feb/2025:06:59:51
/jquery-csv.js,[18/Feb/2025:11:33:03
/jquery-csv.js,[18/Feb/2025:21:18:27
/jquery-csv.js,[19/Feb/2025:00:43:28
/jquery-csv.js,[19/Feb/2025:00:43:34
/jquery-csv.js,[19/Feb/2025:09:45:36
/jquery-csv.js,[19/Feb/2025:09:55:12
/jquery-csv.js,[19/Feb/2025:23:39:26
/jquery-csv.js,[19/Feb/2025:23:39:57
/jquery-csv.js,[19/Feb/2025:23:39:57
/jquery-csv.js,[19/Feb/2025:23:42:58
/jquery-csv.js,[20/Feb/2025:00:40:46
/jquery-csv.js,[20/Feb/2025:00:41:34
/jquery-csv.js,[20/Feb/2025:00:41:48
/jquery-csv.js,[20/Feb/2025:01:00:36
/jquery-csv.js,[20/Feb/2025:02:22:03
/jquery-csv.js,[20/Feb/2025:02:52:20
/jquery-csv.js,[20/Feb/2025:12:35:53
/jquery-csv.js,[20/Feb/2025:14:22:14
/jquery-csv.js,[20/Feb/2025:14:23:07
/jquery-csv.js,[20/Feb/2025:14:26:41
/jquery-csv.js,[20/Feb/2025:14:27:26
/jquery-csv.js,[20/Feb/2025:14:34:45
/jquery-csv.js,[20/Feb/2025:14:35:25
/jquery-csv.js,[20/Feb/2025:14:39:11
/jquery-csv.js,[20/Feb/2025:14:39:51
/jquery-csv.js,[20/Feb/2025:14:40:04
/jquery-csv.js,[20/Feb/2025:14:40:44
/jquery-csv.js,[20/Feb/2025:14:42:54
/jquery-csv.js,[20/Feb/2025:14:43:00
/jquery-csv.js,[20/Feb/2025:14:43:47
/jquery-csv.js,[20/Feb/2025:14:44:42
/jquery-csv.js,[20/Feb/2025:14:45:05
/jquery-csv.js,[20/Feb/2025:14:45:24
/jquery-csv.js,[20/Feb/2025:14:49:30
/jquery-csv.js,[20/Feb/2025:15:05:31
/jquery-csv.js,[20/Feb/2025:15:05:39
/jquery-csv.js,[20/Feb/2025:15:05:54
/jquery-csv.js,[20/Feb/2025:15:06:05
/jquery-csv.js,[20/Feb/2025:15:06:17
/jquery-csv.js,[20/Feb/2025:15:06:29
/jquery-csv.js,[20/Feb/2025:15:06:43
/jquery-csv.js,[20/Feb/2025:15:07:20
/jquery-csv.js,[20/Feb/2025:18:24:40
/jquery-csv.js,[20/Feb/2025:18:29:34
/jquery-csv.js,[20/Feb/2025:22:29:08
/jquery-csv.js,[21/Feb/2025:00:14:18
/jquery-csv.js,[21/Feb/2025:03:00:06
/jquery-csv.js,[21/Feb/2025:06:49:45
/jquery-csv.js,[21/Feb/2025:14:19:49
/jquery-csv.js,[21/Feb/2025:14:25:43
/jquery-csv.js,[21/Feb/2025:14:38:03
/jquery-csv.js,[21/Feb/2025:15:15:27
/jquery-csv.js,[21/Feb/2025:15:45:10
/jquery-csv.js,[21/Feb/2025:16:06:47
/jquery-csv.js,[21/Feb/2025:22:41:43
/jquery-csv.js,[21/Feb/2025:23:49:39
/jquery-csv.js,[22/Feb/2025:00:28:42
/jquery-csv.js,[22/Feb/2025:06:24:11
/jquery-csv.js,[22/Feb/2025:10:39:57
/jquery-csv.js,[22/Feb/2025:10:41:17
/jquery-csv.js,[22/Feb/2025:12:40:01
/jquery-csv.js,[22/Feb/2025:12:40:14
/jquery-csv.js,[22/Feb/2025:12:45:51
/jquery-csv.js,[22/Feb/2025:12:51:48
/jquery-csv.js,[22/Feb/2025:12:51:51
/jquery-csv.js,[22/Feb/2025:13:45:10
/jquery-csv.js,[22/Feb/2025:13:45:10
/jquery-csv.js,[22/Feb/2025:14:00:33
/jquery-csv.js,[22/Feb/2025:16:05:16
/jquery-csv.js,[22/Feb/2025:18:51:45
/jquery-csv.js,[23/Feb/2025:07:05:24
/jquery.js,[09/Feb/2025:13:15:21
/jquery.js,[09/Feb/2025:14:43:09
/jquery.js,[09/Feb/2025:16:57:25
/jquery.js,[10/Feb/2025:13:45:36
/jquery.js,[10/Feb/2025:13:47:34
/jquery.js,[11/Feb/2025:00:14:29
/jquery.js,[11/Feb/2025:10:56:22
/jquery.js,[11/Feb/2025:17:03:26
/jquery.js,[12/Feb/2025:04:21:06
/jquery.js,[12/Feb/2025:18:36:10
/jquery.js,[12/Feb/2025:20:30:28
/jquery.js,[12/Feb/2025:20:59:48
/jquery.js,[13/Feb/2025:06:08:45
/jquery.js,[13/Feb/2025:21:52:24
/jquery.js,[13/Feb/2025:23:58:28
/jquery.js,[14/Feb/2025:07:41:19
/jquery.js,[15/Feb/2025:03:29:56
/jquery.js,[15/Feb/2025:08:25:34
/jquery.js,[15/Feb/2025:17:19:38
/jquery.js,[16/Feb/2025:04:19:20
/jquery.js,[16/Feb/2025:10:42:30
/jquery.js,[16/Feb/2025:12:01:56
/jquery.js,[16/Feb/2025:16:43:16
/jquery.js,[17/Feb/2025:02:43:55
/jquery.js,[17/Feb/2025:11:58:08
/jquery.js,[17/Feb/2025:18:41:57
/jquery.js,[17/Feb/2025:22:16:16
/jquery.js,[18/Feb/2025:06:35:05
/jquery.js,[18/Feb/2025:06:59:50
/jquery.js,[18/Feb/2025:11:33:03
/jquery.js,[18/Feb/2025:21:18:27
/jquery.js,[19/Feb/2025:00:43:28
/jquery.js,[19/Feb/2025:00:43:35
/jquery.js,[19/Feb/2025:09:45:36
/jquery.js,[19/Feb/2025:09:55:12
/jquery.js,[19/Feb/2025:23:39:26
/jquery.js,[19/Feb/2025:23:39:57
/jquery.js,[19/Feb/2025:23:39:57
/jquery.js,[19/Feb/2025:23:42:58
/jquery.js,[20/Feb/2025:00:40:46
/jquery.js,[20/Feb/2025:00:41:33
/jquery.js,[20/Feb/2025:00:41:48
/jquery.js,[20/Feb/2025:01:00:36
/jquery.js,[20/Feb/2025:02:22:02
/jquery.js,[20/Feb/2025:02:52:20
/jquery.js,[20/Feb/2025:03:26:07
/jquery.js,[20/Feb/2025:12:35:53
/jquery.js,[20/Feb/2025:14:22:14
/jquery.js,[20/Feb/2025:14:23:07
/jquery.js,[20/Feb/2025:14:26:41
/jquery.js,[20/Feb/2025:14:27:26
/jquery.js,[20/Feb/2025:14:34:45
/jquery.js,[20/Feb/2025:14:35:25
/jquery.js,[20/Feb/2025:14:39:11
/jquery.js,[20/Feb/2025:14:39:50
/jquery.js,[20/Feb/2025:14:40:04
/jquery.js,[20/Feb/2025:14:40:44
/jquery.js,[20/Feb/2025:14:42:54
/jquery.js,[20/Feb/2025:14:43:00
/jquery.js,[20/Feb/2025:14:43:47
/jquery.js,[20/Feb/2025:14:44:42
/jquery.js,[20/Feb/2025:14:45:05
/jquery.js,[20/Feb/2025:14:45:24
/jquery.js,[20/Feb/2025:14:49:30
/jquery.js,[20/Feb/2025:15:05:31
/jquery.js,[20/Feb/2025:15:05:39
/jquery.js,[20/Feb/2025:15:05:54
/jquery.js,[20/Feb/2025:15:06:05
/jquery.js,[20/Feb/2025:15:06:17
/jquery.js,[20/Feb/2025:15:06:29
/jquery.js,[20/Feb/2025:15:06:42
/jquery.js,[20/Feb/2025:15:07:20
/jquery.js,[20/Feb/2025:18:24:40
/jquery.js,[20/Feb/2025:18:29:34
/jquery.js,[20/Feb/2025:22:29:07
/jquery.js,[21/Feb/2025:00:14:17
/jquery.js,[21/Feb/2025:03:00:06
/jquery.js,[21/Feb/2025:06:49:45
/jquery.js,[21/Feb/2025:14:19:49
/jquery.js,[21/Feb/2025:14:25:43
/jquery.js,[21/Feb/2025:14:38:02
/jquery.js,[21/Feb/2025:15:15:27
/jquery.js,[21/Feb/2025:15:45:10
/jquery.js,[21/Feb/2025:16:06:47
/jquery.js,[21/Feb/2025:22:41:43
/jquery.js,[21/Feb/2025:23:49:39
/jquery.js,[22/Feb/2025:00:28:42
/jquery.js,[22/Feb/2025:06:24:10
/jquery.js,[22/Feb/2025:10:39:57
/jquery.js,[22/Feb/2025:10:41:17
/jquery.js,[22/Feb/2025:12:40:01
/jquery.js,[22/Feb/2025:12:40:13
/jquery.js,[22/Feb/2025:12:45:51
/jquery.js,[22/Feb/2025:12:51:48
/jquery.js,[22/Feb/2025:12:52:48
/jquery.js,[22/Feb/2025:13:45:09
/jquery.js,[22/Feb/2025:13:45:10
/jquery.js,[22/Feb/2025:14:00:33
/jquery.js,[22/Feb/2025:16:05:16
/jquery.js,[22/Feb/2025:18:51:45
/jquery.js,[23/Feb/2025:04:34:24
/jquery.js,[23/Feb/2025:07:05:24
/wp-includes/js/jquery/jquery.js,[17/Feb/2025:05:13:54
/wp-includes/js/jquery/jquery.js,[17/Feb/2025:07:17:07
/wp-includes/js/jquery/jquery.js,[18/Feb/2025:00:43:00
/wp-includes/js/jquery/jquery.js,[21/Feb/2025:19:54:28
